﻿{"users":[{"Properties":{"highvalue":false,"name":"ADMINISTRATOR@MEGABANK.LOCAL","domain":"MEGABANK.LOCAL","objectid":"S-1-5-21-1392959593-3013219662-3596683436-500","distinguishedname":"CN=Administrator,CN=Users,DC=megabank,DC=local","description":"Built-in account for administering the computer/domain","dontreqpreauth":false,"passwordnotreqd":false,"unconstraineddelegation":false,"sensitive":false,"enabled":true,"pwdneverexpires":true,"lastlogon":"TMSTMP-1587292231","lastlogontimestamp":"TMSTMP-1587292231","pwdlastset":"TMSTMP-1587293648","serviceprincipalnames":[],"hasspn":false,"displayname":null,"email":null,"title":null,"homedirectory":null,"userpassword":null,"admincount":true,"sidhistory":[]},"AllowedToDelegate":[],"SPNTargets":[],"PrimaryGroupSid":"S-1-5-21-1392959593-3013219662-3596683436-513","HasSIDHistory":[],"ObjectIdentifier":"S-1-5-21-1392959593-3013219662-3596683436-500","Aces":[{"PrincipalSID":"S-1-5-21-1392959593-3013219662-3596683436-512","PrincipalType":"Group","RightName":"Owner","AceType":"","IsInherited":false},{"PrincipalSID":"MEGABANK.LOCAL-S-1-5-32-544","PrincipalType":"Group","RightName":"WriteDacl","AceType":"","IsInherited":false},{"PrincipalSID":"MEGABANK.LOCAL-S-1-5-32-544","PrincipalType":"Group","RightName":"WriteOwner","AceType":"","IsInherited":false},{"PrincipalSID":"MEGABANK.LOCAL-S-1-5-32-544","PrincipalType":"Group","RightName":"ExtendedRight","AceType":"All","IsInherited":false},{"PrincipalSID":"MEGABANK.LOCAL-S-1-5-32-544","PrincipalType":"Group","RightName":"GenericWrite","AceType":"","IsInherited":false},{"PrincipalSID":"S-1-5-21-1392959593-3013219662-3596683436-512","PrincipalType":"Group","RightName":"WriteDacl","AceType":"","IsInherited":false},{"PrincipalSID":"S-1-5-21-1392959593-3013219662-3596683436-512","PrincipalType":"Group","RightName":"WriteOwner","AceType":"","IsInherited":false},{"PrincipalSID":"S-1-5-21-1392959593-3013219662-3596683436-512","PrincipalType":"Group","RightName":"ExtendedRight","AceType":"All","IsInherited":false},{"PrincipalSID":"S-1-5-21-1392959593-3013219662-3596683436-512","PrincipalType":"Group","RightName":"GenericWrite","AceType":"","IsInherited":false},{"PrincipalSID":"S-1-5-21-1392959593-3013219662-3596683436-519","PrincipalType":"Group","RightName":"WriteDacl","AceType":"","IsInherited":false},{"PrincipalSID":"S-1-5-21-1392959593-3013219662-3596683436-519","PrincipalType":"Group","RightName":"WriteOwner","AceType":"","IsInherited":false},{"PrincipalSID":"S-1-5-21-1392959593-3013219662-3596683436-519","PrincipalType":"Group","RightName":"ExtendedRight","AceType":"All","IsInherited":false},{"PrincipalSID":"S-1-5-21-1392959593-3013219662-3596683436-519","PrincipalType":"Group","RightName":"GenericWrite","AceType":"","IsInherited":false}]},{"Properties":{"highvalue":false,"name":"RYAN@MEGABANK.LOCAL","domain":"MEGABANK.LOCAL","objectid":"S-1-5-21-1392959593-3013219662-3596683436-1105","distinguishedname":"CN=Ryan Bertrand,OU=Contractors,OU=MegaBank Users,DC=megabank,DC=local","description":null,"dontreqpreauth":false,"passwordnotreqd":false,"unconstraineddelegation":false,"sensitive":false,"enabled":true,"pwdneverexpires":true,"lastlogon":"TMSTMP-1587293675","lastlogontimestamp":"TMSTMP-1587292655","pwdlastset":"TMSTMP-1587293647","serviceprincipalnames":[],"hasspn":false,"displayname":"Ryan Bertrand","email":null,"title":null,"homedirectory":null,"userpassword":null,"admincount":false,"sidhistory":[]},"AllowedToDelegate":[],"SPNTargets":[],"PrimaryGroupSid":"S-1-5-21-1392959593-3013219662-3596683436-513","HasSIDHistory":[],"ObjectIdentifier":"S-1-5-21-1392959593-3013219662-3596683436-1105","Aces":[{"PrincipalSID":"S-1-5-21-1392959593-3013219662-3596683436-512","PrincipalType":"Group","RightName":"Owner","AceType":"","IsInherited":false},{"PrincipalSID":"MEGABANK.LOCAL-S-1-5-32-548","PrincipalType":"Group","RightName":"GenericAll","AceType":"","IsInherited":false},{"PrincipalSID":"S-1-5-21-1392959593-3013219662-3596683436-512","PrincipalType":"Group","RightName":"GenericAll","AceType":"","IsInherited":false},{"PrincipalSID":"S-1-5-21-1392959593-3013219662-3596683436-519","PrincipalType":"Group","RightName":"GenericAll","AceType":"","IsInherited":true},{"PrincipalSID":"MEGABANK.LOCAL-S-1-5-32-544","PrincipalType":"Group","RightName":"WriteDacl","AceType":"","IsInherited":true},{"PrincipalSID":"MEGABANK.LOCAL-S-1-5-32-544","PrincipalType":"Group","RightName":"WriteOwner","AceType":"","IsInherited":true},{"PrincipalSID":"MEGABANK.LOCAL-S-1-5-32-544","PrincipalType":"Group","RightName":"ExtendedRight","AceType":"All","IsInherited":true},{"PrincipalSID":"MEGABANK.LOCAL-S-1-5-32-544","PrincipalType":"Group","RightName":"GenericWrite","AceType":"","IsInherited":true}]},{"Properties":{"highvalue":false,"name":"MARKO@MEGABANK.LOCAL","domain":"MEGABANK.LOCAL","objectid":"S-1-5-21-1392959593-3013219662-3596683436-1111","distinguishedname":"CN=Marko Novak,OU=Employees,OU=MegaBank Users,DC=megabank,DC=local","description":"Account created. Password set to Welcome123!","dontreqpreauth":false,"passwordnotreqd":false,"unconstraineddelegation":false,"sensitive":false,"enabled":true,"pwdneverexpires":true,"lastlogon":"Never","lastlogontimestamp":"Never","pwdlastset":"TMSTMP-1569590234","serviceprincipalnames":[],"hasspn":false,"displayname":"Marko Novak","email":null,"title":null,"homedirectory":null,"userpassword":null,"admincount":false,"sidhistory":[]},"AllowedToDelegate":[],"SPNTargets":[],"PrimaryGroupSid":"S-1-5-21-1392959593-3013219662-3596683436-513","HasSIDHistory":[],"ObjectIdentifier":"S-1-5-21-1392959593-3013219662-3596683436-1111","Aces":[{"PrincipalSID":"S-1-5-21-1392959593-3013219662-3596683436-512","PrincipalType":"Group","RightName":"Owner","AceType":"","IsInherited":false},{"PrincipalSID":"MEGABANK.LOCAL-S-1-5-32-548","PrincipalType":"Group","RightName":"GenericAll","AceType":"","IsInherited":false},{"PrincipalSID":"S-1-5-21-1392959593-3013219662-3596683436-512","PrincipalType":"Group","RightName":"GenericAll","AceType":"","IsInherited":false},{"PrincipalSID":"S-1-5-21-1392959593-3013219662-3596683436-519","PrincipalType":"Group","RightName":"GenericAll","AceType":"","IsInherited":true},{"PrincipalSID":"MEGABANK.LOCAL-S-1-5-32-544","PrincipalType":"Group","RightName":"WriteDacl","AceType":"","IsInherited":true},{"PrincipalSID":"MEGABANK.LOCAL-S-1-5-32-544","PrincipalType":"Group","RightName":"WriteOwner","AceType":"","IsInherited":true},{"PrincipalSID":"MEGABANK.LOCAL-S-1-5-32-544","PrincipalType":"Group","RightName":"ExtendedRight","AceType":"All","IsInherited":true},{"PrincipalSID":"MEGABANK.LOCAL-S-1-5-32-544","PrincipalType":"Group","RightName":"GenericWrite","AceType":"","IsInherited":true}]},{"Properties":{"highvalue":false,"name":"SUNITA@MEGABANK.LOCAL","domain":"MEGABANK.LOCAL","objectid":"S-1-5-21-1392959593-3013219662-3596683436-6601","distinguishedname":"CN=Sunita Rahman,CN=Users,DC=megabank,DC=local","description":null,"dontreqpreauth":false,"passwordnotreqd":false,"unconstraineddelegation":false,"sensitive":false,"enabled":true,"pwdneverexpires":false,"lastlogon":"Never","lastlogontimestamp":"Never","pwdlastset":"TMSTMP-1575408389","serviceprincipalnames":[],"hasspn":false,"displayname":null,"email":null,"title":null,"homedirectory":null,"userpassword":null,"admincount":false,"sidhistory":[]},"AllowedToDelegate":[],"SPNTargets":[],"PrimaryGroupSid":"S-1-5-21-1392959593-3013219662-3596683436-513","HasSIDHistory":[],"ObjectIdentifier":"S-1-5-21-1392959593-3013219662-3596683436-6601","Aces":[{"PrincipalSID":"S-1-5-21-1392959593-3013219662-3596683436-512","PrincipalType":"Group","RightName":"Owner","AceType":"","IsInherited":false},{"PrincipalSID":"MEGABANK.LOCAL-S-1-5-32-548","PrincipalType":"Group","RightName":"GenericAll","AceType":"","IsInherited":false},{"PrincipalSID":"S-1-5-21-1392959593-3013219662-3596683436-512","PrincipalType":"Group","RightName":"GenericAll","AceType":"","IsInherited":false},{"PrincipalSID":"S-1-5-21-1392959593-3013219662-3596683436-519","PrincipalType":"Group","RightName":"GenericAll","AceType":"","IsInherited":true},{"PrincipalSID":"MEGABANK.LOCAL-S-1-5-32-544","PrincipalType":"Group","RightName":"WriteDacl","AceType":"","IsInherited":true},{"PrincipalSID":"MEGABANK.LOCAL-S-1-5-32-544","PrincipalType":"Group","RightName":"WriteOwner","AceType":"","IsInherited":true},{"PrincipalSID":"MEGABANK.LOCAL-S-1-5-32-544","PrincipalType":"Group","RightName":"ExtendedRight","AceType":"All","IsInherited":true},{"PrincipalSID":"MEGABANK.LOCAL-S-1-5-32-544","PrincipalType":"Group","RightName":"GenericWrite","AceType":"","IsInherited":true}]},{"Properties":{"highvalue":false,"name":"MARCUS@MEGABANK.LOCAL","domain":"MEGABANK.LOCAL","objectid":"S-1-5-21-1392959593-3013219662-3596683436-6603","distinguishedname":"CN=Marcus Strong,CN=Users,DC=megabank,DC=local","description":null,"dontreqpreauth":false,"passwordnotreqd":false,"unconstraineddelegation":false,"sensitive":false,"enabled":true,"pwdneverexpires":false,"lastlogon":"Never","lastlogontimestamp":"Never","pwdlastset":"TMSTMP-1575408479","serviceprincipalnames":[],"hasspn":false,"displayname":null,"email":null,"title":null,"homedirectory":null,"userpassword":null,"admincount":false,"sidhistory":[]},"AllowedToDelegate":[],"SPNTargets":[],"PrimaryGroupSid":"S-1-5-21-1392959593-3013219662-3596683436-513","HasSIDHistory":[],"ObjectIdentifier":"S-1-5-21-1392959593-3013219662-3596683436-6603","Aces":[{"PrincipalSID":"S-1-5-21-1392959593-3013219662-3596683436-512","PrincipalType":"Group","RightName":"Owner","AceType":"","IsInherited":false},{"PrincipalSID":"MEGABANK.LOCAL-S-1-5-32-548","PrincipalType":"Group","RightName":"GenericAll","AceType":"","IsInherited":false},{"PrincipalSID":"S-1-5-21-1392959593-3013219662-3596683436-512","PrincipalType":"Group","RightName":"GenericAll","AceType":"","IsInherited":false},{"PrincipalSID":"S-1-5-21-1392959593-3013219662-3596683436-519","PrincipalType":"Group","RightName":"GenericAll","AceType":"","IsInherited":true},{"PrincipalSID":"MEGABANK.LOCAL-S-1-5-32-544","PrincipalType":"Group","RightName":"WriteDacl","AceType":"","IsInherited":true},{"PrincipalSID":"MEGABANK.LOCAL-S-1-5-32-544","PrincipalType":"Group","RightName":"WriteOwner","AceType":"","IsInherited":true},{"PrincipalSID":"MEGABANK.LOCAL-S-1-5-32-544","PrincipalType":"Group","RightName":"ExtendedRight","AceType":"All","IsInherited":true},{"PrincipalSID":"MEGABANK.LOCAL-S-1-5-32-544","PrincipalType":"Group","RightName":"GenericWrite","AceType":"","IsInherited":true}]},{"Properties":{"highvalue":false,"name":"SALLY@MEGABANK.LOCAL","domain":"MEGABANK.LOCAL","objectid":"S-1-5-21-1392959593-3013219662-3596683436-6604","distinguishedname":"CN=Sally May,CN=Users,DC=megabank,DC=local","description":null,"dontreqpreauth":false,"passwordnotreqd":false,"unconstraineddelegation":false,"sensitive":false,"enabled":true,"pwdneverexpires":false,"lastlogon":"Never","lastlogontimestamp":"Never","pwdlastset":"TMSTMP-1575408509","serviceprincipalnames":[],"hasspn":false,"displayname":null,"email":null,"title":null,"homedirectory":null,"userpassword":null,"admincount":false,"sidhistory":[]},"AllowedToDelegate":[],"SPNTargets":[],"PrimaryGroupSid":"S-1-5-21-1392959593-3013219662-3596683436-513","HasSIDHistory":[],"ObjectIdentifier":"S-1-5-21-1392959593-3013219662-3596683436-6604","Aces":[{"PrincipalSID":"S-1-5-21-1392959593-3013219662-3596683436-512","PrincipalType":"Group","RightName":"Owner","AceType":"","IsInherited":false},{"PrincipalSID":"MEGABANK.LOCAL-S-1-5-32-548","PrincipalType":"Group","RightName":"GenericAll","AceType":"","IsInherited":false},{"PrincipalSID":"S-1-5-21-1392959593-3013219662-3596683436-512","PrincipalType":"Group","RightName":"GenericAll","AceType":"","IsInherited":false},{"PrincipalSID":"S-1-5-21-1392959593-3013219662-3596683436-519","PrincipalType":"Group","RightName":"GenericAll","AceType":"","IsInherited":true},{"PrincipalSID":"MEGABANK.LOCAL-S-1-5-32-544","PrincipalType":"Group","RightName":"WriteDacl","AceType":"","IsInherited":true},{"PrincipalSID":"MEGABANK.LOCAL-S-1-5-32-544","PrincipalType":"Group","RightName":"WriteOwner","AceType":"","IsInherited":true},{"PrincipalSID":"MEGABANK.LOCAL-S-1-5-32-544","PrincipalType":"Group","RightName":"ExtendedRight","AceType":"All","IsInherited":true},{"PrincipalSID":"MEGABANK.LOCAL-S-1-5-32-544","PrincipalType":"Group","RightName":"GenericWrite","AceType":"","IsInherited":true}]},{"Properties":{"highvalue":false,"name":"FRED@MEGABANK.LOCAL","domain":"MEGABANK.LOCAL","objectid":"S-1-5-21-1392959593-3013219662-3596683436-6605","distinguishedname":"CN=Fred Carr,CN=Users,DC=megabank,DC=local","description":null,"dontreqpreauth":false,"passwordnotreqd":false,"unconstraineddelegation":false,"sensitive":false,"enabled":true,"pwdneverexpires":false,"lastlogon":"Never","lastlogontimestamp":"Never","pwdlastset":"TMSTMP-1575408541","serviceprincipalnames":[],"hasspn":false,"displayname":null,"email":null,"title":null,"homedirectory":null,"userpassword":null,"admincount":false,"sidhistory":[]},"AllowedToDelegate":[],"SPNTargets":[],"PrimaryGroupSid":"S-1-5-21-1392959593-3013219662-3596683436-513","HasSIDHistory":[],"ObjectIdentifier":"S-1-5-21-1392959593-3013219662-3596683436-6605","Aces":[{"PrincipalSID":"S-1-5-21-1392959593-3013219662-3596683436-512","PrincipalType":"Group","RightName":"Owner","AceType":"","IsInherited":false},{"PrincipalSID":"MEGABANK.LOCAL-S-1-5-32-548","PrincipalType":"Group","RightName":"GenericAll","AceType":"","IsInherited":false},{"PrincipalSID":"S-1-5-21-1392959593-3013219662-3596683436-512","PrincipalType":"Group","RightName":"GenericAll","AceType":"","IsInherited":false},{"PrincipalSID":"S-1-5-21-1392959593-3013219662-3596683436-519","PrincipalType":"Group","RightName":"GenericAll","AceType":"","IsInherited":true},{"PrincipalSID":"MEGABANK.LOCAL-S-1-5-32-544","PrincipalType":"Group","RightName":"WriteDacl","AceType":"","IsInherited":true},{"PrincipalSID":"MEGABANK.LOCAL-S-1-5-32-544","PrincipalType":"Group","RightName":"WriteOwner","AceType":"","IsInherited":true},{"PrincipalSID":"MEGABANK.LOCAL-S-1-5-32-544","PrincipalType":"Group","RightName":"ExtendedRight","AceType":"All","IsInherited":true},{"PrincipalSID":"MEGABANK.LOCAL-S-1-5-32-544","PrincipalType":"Group","RightName":"GenericWrite","AceType":"","IsInherited":true}]},{"Properties":{"highvalue":false,"name":"ANGELA@MEGABANK.LOCAL","domain":"MEGABANK.LOCAL","objectid":"S-1-5-21-1392959593-3013219662-3596683436-6606","distinguishedname":"CN=Angela Perkins,CN=Users,DC=megabank,DC=local","description":null,"dontreqpreauth":false,"passwordnotreqd":false,"unconstraineddelegation":false,"sensitive":false,"enabled":true,"pwdneverexpires":false,"lastlogon":"Never","lastlogontimestamp":"Never","pwdlastset":"TMSTMP-1575408583","serviceprincipalnames":[],"hasspn":false,"displayname":null,"email":null,"title":null,"homedirectory":null,"userpassword":null,"admincount":false,"sidhistory":[]},"AllowedToDelegate":[],"SPNTargets":[],"PrimaryGroupSid":"S-1-5-21-1392959593-3013219662-3596683436-513","HasSIDHistory":[],"ObjectIdentifier":"S-1-5-21-1392959593-3013219662-3596683436-6606","Aces":[{"PrincipalSID":"S-1-5-21-1392959593-3013219662-3596683436-512","PrincipalType":"Group","RightName":"Owner","AceType":"","IsInherited":false},{"PrincipalSID":"MEGABANK.LOCAL-S-1-5-32-548","PrincipalType":"Group","RightName":"GenericAll","AceType":"","IsInherited":false},{"PrincipalSID":"S-1-5-21-1392959593-3013219662-3596683436-512","PrincipalType":"Group","RightName":"GenericAll","AceType":"","IsInherited":false},{"PrincipalSID":"S-1-5-21-1392959593-3013219662-3596683436-519","PrincipalType":"Group","RightName":"GenericAll","AceType":"","IsInherited":true},{"PrincipalSID":"MEGABANK.LOCAL-S-1-5-32-544","PrincipalType":"Group","RightName":"WriteDacl","AceType":"","IsInherited":true},{"PrincipalSID":"MEGABANK.LOCAL-S-1-5-32-544","PrincipalType":"Group","RightName":"WriteOwner","AceType":"","IsInherited":true},{"PrincipalSID":"MEGABANK.LOCAL-S-1-5-32-544","PrincipalType":"Group","RightName":"ExtendedRight","AceType":"All","IsInherited":true},{"PrincipalSID":"MEGABANK.LOCAL-S-1-5-32-544","PrincipalType":"Group","RightName":"GenericWrite","AceType":"","IsInherited":true}]},{"Properties":{"highvalue":false,"name":"FELICIA@MEGABANK.LOCAL","domain":"MEGABANK.LOCAL","objectid":"S-1-5-21-1392959593-3013219662-3596683436-6607","distinguishedname":"CN=Felicia Carter,CN=Users,DC=megabank,DC=local","description":null,"dontreqpreauth":false,"passwordnotreqd":false,"unconstraineddelegation":false,"sensitive":false,"enabled":true,"pwdneverexpires":false,"lastlogon":"Never","lastlogontimestamp":"Never","pwdlastset":"TMSTMP-1575408653","serviceprincipalnames":[],"hasspn":false,"displayname":null,"email":null,"title":null,"homedirectory":null,"userpassword":null,"admincount":false,"sidhistory":[]},"AllowedToDelegate":[],"SPNTargets":[],"PrimaryGroupSid":"S-1-5-21-1392959593-3013219662-3596683436-513","HasSIDHistory":[],"ObjectIdentifier":"S-1-5-21-1392959593-3013219662-3596683436-6607","Aces":[{"PrincipalSID":"S-1-5-21-1392959593-3013219662-3596683436-512","PrincipalType":"Group","RightName":"Owner","AceType":"","IsInherited":false},{"PrincipalSID":"MEGABANK.LOCAL-S-1-5-32-548","PrincipalType":"Group","RightName":"GenericAll","AceType":"","IsInherited":false},{"PrincipalSID":"S-1-5-21-1392959593-3013219662-3596683436-512","PrincipalType":"Group","RightName":"GenericAll","AceType":"","IsInherited":false},{"PrincipalSID":"S-1-5-21-1392959593-3013219662-3596683436-519","PrincipalType":"Group","RightName":"GenericAll","AceType":"","IsInherited":true},{"PrincipalSID":"MEGABANK.LOCAL-S-1-5-32-544","PrincipalType":"Group","RightName":"WriteDacl","AceType":"","IsInherited":true},{"PrincipalSID":"MEGABANK.LOCAL-S-1-5-32-544","PrincipalType":"Group","RightName":"WriteOwner","AceType":"","IsInherited":true},{"PrincipalSID":"MEGABANK.LOCAL-S-1-5-32-544","PrincipalType":"Group","RightName":"ExtendedRight","AceType":"All","IsInherited":true},{"PrincipalSID":"MEGABANK.LOCAL-S-1-5-32-544","PrincipalType":"Group","RightName":"GenericWrite","AceType":"","IsInherited":true}]},{"Properties":{"highvalue":false,"name":"GUSTAVO@MEGABANK.LOCAL","domain":"MEGABANK.LOCAL","objectid":"S-1-5-21-1392959593-3013219662-3596683436-6608","distinguishedname":"CN=Gustavo Pallieros,CN=Users,DC=megabank,DC=local","description":null,"dontreqpreauth":false,"passwordnotreqd":false,"unconstraineddelegation":false,"sensitive":false,"enabled":true,"pwdneverexpires":false,"lastlogon":"Never","lastlogontimestamp":"Never","pwdlastset":"TMSTMP-1575408702","serviceprincipalnames":[],"hasspn":false,"displayname":null,"email":null,"title":null,"homedirectory":null,"userpassword":null,"admincount":false,"sidhistory":[]},"AllowedToDelegate":[],"SPNTargets":[],"PrimaryGroupSid":"S-1-5-21-1392959593-3013219662-3596683436-513","HasSIDHistory":[],"ObjectIdentifier":"S-1-5-21-1392959593-3013219662-3596683436-6608","Aces":[{"PrincipalSID":"S-1-5-21-1392959593-3013219662-3596683436-512","PrincipalType":"Group","RightName":"Owner","AceType":"","IsInherited":false},{"PrincipalSID":"MEGABANK.LOCAL-S-1-5-32-548","PrincipalType":"Group","RightName":"GenericAll","AceType":"","IsInherited":false},{"PrincipalSID":"S-1-5-21-1392959593-3013219662-3596683436-512","PrincipalType":"Group","RightName":"GenericAll","AceType":"","IsInherited":false},{"PrincipalSID":"S-1-5-21-1392959593-3013219662-3596683436-519","PrincipalType":"Group","RightName":"GenericAll","AceType":"","IsInherited":true},{"PrincipalSID":"MEGABANK.LOCAL-S-1-5-32-544","PrincipalType":"Group","RightName":"WriteDacl","AceType":"","IsInherited":true},{"PrincipalSID":"MEGABANK.LOCAL-S-1-5-32-544","PrincipalType":"Group","RightName":"WriteOwner","AceType":"","IsInherited":true},{"PrincipalSID":"MEGABANK.LOCAL-S-1-5-32-544","PrincipalType":"Group","RightName":"ExtendedRight","AceType":"All","IsInherited":true},{"PrincipalSID":"MEGABANK.LOCAL-S-1-5-32-544","PrincipalType":"Group","RightName":"GenericWrite","AceType":"","IsInherited":true}]},{"Properties":{"highvalue":false,"name":"ULF@MEGABANK.LOCAL","domain":"MEGABANK.LOCAL","objectid":"S-1-5-21-1392959593-3013219662-3596683436-6609","distinguishedname":"CN=Ulf Berg,CN=Users,DC=megabank,DC=local","description":null,"dontreqpreauth":false,"passwordnotreqd":false,"unconstraineddelegation":false,"sensitive":false,"enabled":true,"pwdneverexpires":false,"lastlogon":"Never","lastlogontimestamp":"Never","pwdlastset":"TMSTMP-1575408739","serviceprincipalnames":[],"hasspn":false,"displayname":null,"email":null,"title":null,"homedirectory":null,"userpassword":null,"admincount":false,"sidhistory":[]},"AllowedToDelegate":[],"SPNTargets":[],"PrimaryGroupSid":"S-1-5-21-1392959593-3013219662-3596683436-513","HasSIDHistory":[],"ObjectIdentifier":"S-1-5-21-1392959593-3013219662-3596683436-6609","Aces":[{"PrincipalSID":"S-1-5-21-1392959593-3013219662-3596683436-512","PrincipalType":"Group","RightName":"Owner","AceType":"","IsInherited":false},{"PrincipalSID":"MEGABANK.LOCAL-S-1-5-32-548","PrincipalType":"Group","RightName":"GenericAll","AceType":"","IsInherited":false},{"PrincipalSID":"S-1-5-21-1392959593-3013219662-3596683436-512","PrincipalType":"Group","RightName":"GenericAll","AceType":"","IsInherited":false},{"PrincipalSID":"S-1-5-21-1392959593-3013219662-3596683436-519","PrincipalType":"Group","RightName":"GenericAll","AceType":"","IsInherited":true},{"PrincipalSID":"MEGABANK.LOCAL-S-1-5-32-544","PrincipalType":"Group","RightName":"WriteDacl","AceType":"","IsInherited":true},{"PrincipalSID":"MEGABANK.LOCAL-S-1-5-32-544","PrincipalType":"Group","RightName":"WriteOwner","AceType":"","IsInherited":true},{"PrincipalSID":"MEGABANK.LOCAL-S-1-5-32-544","PrincipalType":"Group","RightName":"ExtendedRight","AceType":"All","IsInherited":true},{"PrincipalSID":"MEGABANK.LOCAL-S-1-5-32-544","PrincipalType":"Group","RightName":"GenericWrite","AceType":"","IsInherited":true}]},{"Properties":{"highvalue":false,"name":"STEVIE@MEGABANK.LOCAL","domain":"MEGABANK.LOCAL","objectid":"S-1-5-21-1392959593-3013219662-3596683436-6610","distinguishedname":"CN=Stevie Gerrard,CN=Users,DC=megabank,DC=local","description":null,"dontreqpreauth":false,"passwordnotreqd":false,"unconstraineddelegation":false,"sensitive":false,"enabled":true,"pwdneverexpires":false,"lastlogon":"Never","lastlogontimestamp":"Never","pwdlastset":"TMSTMP-1575408793","serviceprincipalnames":[],"hasspn":false,"displayname":null,"email":null,"title":null,"homedirectory":null,"userpassword":null,"admincount":false,"sidhistory":[]},"AllowedToDelegate":[],"SPNTargets":[],"PrimaryGroupSid":"S-1-5-21-1392959593-3013219662-3596683436-513","HasSIDHistory":[],"ObjectIdentifier":"S-1-5-21-1392959593-3013219662-3596683436-6610","Aces":[{"PrincipalSID":"S-1-5-21-1392959593-3013219662-3596683436-512","PrincipalType":"Group","RightName":"Owner","AceType":"","IsInherited":false},{"PrincipalSID":"MEGABANK.LOCAL-S-1-5-32-548","PrincipalType":"Group","RightName":"GenericAll","AceType":"","IsInherited":false},{"PrincipalSID":"S-1-5-21-1392959593-3013219662-3596683436-512","PrincipalType":"Group","RightName":"GenericAll","AceType":"","IsInherited":false},{"PrincipalSID":"S-1-5-21-1392959593-3013219662-3596683436-519","PrincipalType":"Group","RightName":"GenericAll","AceType":"","IsInherited":true},{"PrincipalSID":"MEGABANK.LOCAL-S-1-5-32-544","PrincipalType":"Group","RightName":"WriteDacl","AceType":"","IsInherited":true},{"PrincipalSID":"MEGABANK.LOCAL-S-1-5-32-544","PrincipalType":"Group","RightName":"WriteOwner","AceType":"","IsInherited":true},{"PrincipalSID":"MEGABANK.LOCAL-S-1-5-32-544","PrincipalType":"Group","RightName":"ExtendedRight","AceType":"All","IsInherited":true},{"PrincipalSID":"MEGABANK.LOCAL-S-1-5-32-544","PrincipalType":"Group","RightName":"GenericWrite","AceType":"","IsInherited":true}]},{"Properties":{"highvalue":false,"name":"CLAIRE@MEGABANK.LOCAL","domain":"MEGABANK.LOCAL","objectid":"S-1-5-21-1392959593-3013219662-3596683436-6611","distinguishedname":"CN=Claire Norman,CN=Users,DC=megabank,DC=local","description":null,"dontreqpreauth":false,"passwordnotreqd":false,"unconstraineddelegation":false,"sensitive":false,"enabled":true,"pwdneverexpires":false,"lastlogon":"Never","lastlogontimestamp":"Never","pwdlastset":"TMSTMP-1575408824","serviceprincipalnames":[],"hasspn":false,"displayname":null,"email":null,"title":null,"homedirectory":null,"userpassword":null,"admincount":false,"sidhistory":[]},"AllowedToDelegate":[],"SPNTargets":[],"PrimaryGroupSid":"S-1-5-21-1392959593-3013219662-3596683436-513","HasSIDHistory":[],"ObjectIdentifier":"S-1-5-21-1392959593-3013219662-3596683436-6611","Aces":[{"PrincipalSID":"S-1-5-21-1392959593-3013219662-3596683436-512","PrincipalType":"Group","RightName":"Owner","AceType":"","IsInherited":false},{"PrincipalSID":"MEGABANK.LOCAL-S-1-5-32-548","PrincipalType":"Group","RightName":"GenericAll","AceType":"","IsInherited":false},{"PrincipalSID":"S-1-5-21-1392959593-3013219662-3596683436-512","PrincipalType":"Group","RightName":"GenericAll","AceType":"","IsInherited":false},{"PrincipalSID":"S-1-5-21-1392959593-3013219662-3596683436-519","PrincipalType":"Group","RightName":"GenericAll","AceType":"","IsInherited":true},{"PrincipalSID":"MEGABANK.LOCAL-S-1-5-32-544","PrincipalType":"Group","RightName":"WriteDacl","AceType":"","IsInherited":true},{"PrincipalSID":"MEGABANK.LOCAL-S-1-5-32-544","PrincipalType":"Group","RightName":"WriteOwner","AceType":"","IsInherited":true},{"PrincipalSID":"MEGABANK.LOCAL-S-1-5-32-544","PrincipalType":"Group","RightName":"ExtendedRight","AceType":"All","IsInherited":true},{"PrincipalSID":"MEGABANK.LOCAL-S-1-5-32-544","PrincipalType":"Group","RightName":"GenericWrite","AceType":"","IsInherited":true}]},{"Properties":{"highvalue":false,"name":"PAULO@MEGABANK.LOCAL","domain":"MEGABANK.LOCAL","objectid":"S-1-5-21-1392959593-3013219662-3596683436-6612","distinguishedname":"CN=Paulo Alcobia,CN=Users,DC=megabank,DC=local","description":null,"dontreqpreauth":false,"passwordnotreqd":false,"unconstraineddelegation":false,"sensitive":false,"enabled":true,"pwdneverexpires":false,"lastlogon":"Never","lastlogontimestamp":"Never","pwdlastset":"TMSTMP-1575408886","serviceprincipalnames":[],"hasspn":false,"displayname":null,"email":null,"title":null,"homedirectory":null,"userpassword":null,"admincount":false,"sidhistory":[]},"AllowedToDelegate":[],"SPNTargets":[],"PrimaryGroupSid":"S-1-5-21-1392959593-3013219662-3596683436-513","HasSIDHistory":[],"ObjectIdentifier":"S-1-5-21-1392959593-3013219662-3596683436-6612","Aces":[{"PrincipalSID":"S-1-5-21-1392959593-3013219662-3596683436-512","PrincipalType":"Group","RightName":"Owner","AceType":"","IsInherited":false},{"PrincipalSID":"MEGABANK.LOCAL-S-1-5-32-548","PrincipalType":"Group","RightName":"GenericAll","AceType":"","IsInherited":false},{"PrincipalSID":"S-1-5-21-1392959593-3013219662-3596683436-512","PrincipalType":"Group","RightName":"GenericAll","AceType":"","IsInherited":false},{"PrincipalSID":"S-1-5-21-1392959593-3013219662-3596683436-519","PrincipalType":"Group","RightName":"GenericAll","AceType":"","IsInherited":true},{"PrincipalSID":"MEGABANK.LOCAL-S-1-5-32-544","PrincipalType":"Group","RightName":"WriteDacl","AceType":"","IsInherited":true},{"PrincipalSID":"MEGABANK.LOCAL-S-1-5-32-544","PrincipalType":"Group","RightName":"WriteOwner","AceType":"","IsInherited":true},{"PrincipalSID":"MEGABANK.LOCAL-S-1-5-32-544","PrincipalType":"Group","RightName":"ExtendedRight","AceType":"All","IsInherited":true},{"PrincipalSID":"MEGABANK.LOCAL-S-1-5-32-544","PrincipalType":"Group","RightName":"GenericWrite","AceType":"","IsInherited":true}]},{"Properties":{"highvalue":false,"name":"STEVE@MEGABANK.LOCAL","domain":"MEGABANK.LOCAL","objectid":"S-1-5-21-1392959593-3013219662-3596683436-6613","distinguishedname":"CN=Steve Rider,CN=Users,DC=megabank,DC=local","description":null,"dontreqpreauth":false,"passwordnotreqd":false,"unconstraineddelegation":false,"sensitive":false,"enabled":true,"pwdneverexpires":false,"lastlogon":"Never","lastlogontimestamp":"Never","pwdlastset":"TMSTMP-1575408925","serviceprincipalnames":[],"hasspn":false,"displayname":null,"email":null,"title":null,"homedirectory":null,"userpassword":null,"admincount":false,"sidhistory":[]},"AllowedToDelegate":[],"SPNTargets":[],"PrimaryGroupSid":"S-1-5-21-1392959593-3013219662-3596683436-513","HasSIDHistory":[],"ObjectIdentifier":"S-1-5-21-1392959593-3013219662-3596683436-6613","Aces":[{"PrincipalSID":"S-1-5-21-1392959593-3013219662-3596683436-512","PrincipalType":"Group","RightName":"Owner","AceType":"","IsInherited":false},{"PrincipalSID":"MEGABANK.LOCAL-S-1-5-32-548","PrincipalType":"Group","RightName":"GenericAll","AceType":"","IsInherited":false},{"PrincipalSID":"S-1-5-21-1392959593-3013219662-3596683436-512","PrincipalType":"Group","RightName":"GenericAll","AceType":"","IsInherited":false},{"PrincipalSID":"S-1-5-21-1392959593-3013219662-3596683436-519","PrincipalType":"Group","RightName":"GenericAll","AceType":"","IsInherited":true},{"PrincipalSID":"MEGABANK.LOCAL-S-1-5-32-544","PrincipalType":"Group","RightName":"WriteDacl","AceType":"","IsInherited":true},{"PrincipalSID":"MEGABANK.LOCAL-S-1-5-32-544","PrincipalType":"Group","RightName":"WriteOwner","AceType":"","IsInherited":true},{"PrincipalSID":"MEGABANK.LOCAL-S-1-5-32-544","PrincipalType":"Group","RightName":"ExtendedRight","AceType":"All","IsInherited":true},{"PrincipalSID":"MEGABANK.LOCAL-S-1-5-32-544","PrincipalType":"Group","RightName":"GenericWrite","AceType":"","IsInherited":true}]},{"Properties":{"highvalue":false,"name":"ANNETTE@MEGABANK.LOCAL","domain":"MEGABANK.LOCAL","objectid":"S-1-5-21-1392959593-3013219662-3596683436-6614","distinguishedname":"CN=Annette Nilsson,CN=Users,DC=megabank,DC=local","description":null,"dontreqpreauth":false,"passwordnotreqd":false,"unconstraineddelegation":false,"sensitive":false,"enabled":true,"pwdneverexpires":false,"lastlogon":"Never","lastlogontimestamp":"Never","pwdlastset":"TMSTMP-1575409015","serviceprincipalnames":[],"hasspn":false,"displayname":null,"email":null,"title":null,"homedirectory":null,"userpassword":null,"admincount":false,"sidhistory":[]},"AllowedToDelegate":[],"SPNTargets":[],"PrimaryGroupSid":"S-1-5-21-1392959593-3013219662-3596683436-513","HasSIDHistory":[],"ObjectIdentifier":"S-1-5-21-1392959593-3013219662-3596683436-6614","Aces":[{"PrincipalSID":"S-1-5-21-1392959593-3013219662-3596683436-512","PrincipalType":"Group","RightName":"Owner","AceType":"","IsInherited":false},{"PrincipalSID":"MEGABANK.LOCAL-S-1-5-32-548","PrincipalType":"Group","RightName":"GenericAll","AceType":"","IsInherited":false},{"PrincipalSID":"S-1-5-21-1392959593-3013219662-3596683436-512","PrincipalType":"Group","RightName":"GenericAll","AceType":"","IsInherited":false},{"PrincipalSID":"S-1-5-21-1392959593-3013219662-3596683436-519","PrincipalType":"Group","RightName":"GenericAll","AceType":"","IsInherited":true},{"PrincipalSID":"MEGABANK.LOCAL-S-1-5-32-544","PrincipalType":"Group","RightName":"WriteDacl","AceType":"","IsInherited":true},{"PrincipalSID":"MEGABANK.LOCAL-S-1-5-32-544","PrincipalType":"Group","RightName":"WriteOwner","AceType":"","IsInherited":true},{"PrincipalSID":"MEGABANK.LOCAL-S-1-5-32-544","PrincipalType":"Group","RightName":"ExtendedRight","AceType":"All","IsInherited":true},{"PrincipalSID":"MEGABANK.LOCAL-S-1-5-32-544","PrincipalType":"Group","RightName":"GenericWrite","AceType":"","IsInherited":true}]},{"Properties":{"highvalue":false,"name":"ANNIKA@MEGABANK.LOCAL","domain":"MEGABANK.LOCAL","objectid":"S-1-5-21-1392959593-3013219662-3596683436-6615","distinguishedname":"CN=Annika Larson,CN=Users,DC=megabank,DC=local","description":null,"dontreqpreauth":false,"passwordnotreqd":false,"unconstraineddelegation":false,"sensitive":false,"enabled":true,"pwdneverexpires":false,"lastlogon":"Never","lastlogontimestamp":"Never","pwdlastset":"TMSTMP-1575409043","serviceprincipalnames":[],"hasspn":false,"displayname":null,"email":null,"title":null,"homedirectory":null,"userpassword":null,"admincount":false,"sidhistory":[]},"AllowedToDelegate":[],"SPNTargets":[],"PrimaryGroupSid":"S-1-5-21-1392959593-3013219662-3596683436-513","HasSIDHistory":[],"ObjectIdentifier":"S-1-5-21-1392959593-3013219662-3596683436-6615","Aces":[{"PrincipalSID":"S-1-5-21-1392959593-3013219662-3596683436-512","PrincipalType":"Group","RightName":"Owner","AceType":"","IsInherited":false},{"PrincipalSID":"MEGABANK.LOCAL-S-1-5-32-548","PrincipalType":"Group","RightName":"GenericAll","AceType":"","IsInherited":false},{"PrincipalSID":"S-1-5-21-1392959593-3013219662-3596683436-512","PrincipalType":"Group","RightName":"GenericAll","AceType":"","IsInherited":false},{"PrincipalSID":"S-1-5-21-1392959593-3013219662-3596683436-519","PrincipalType":"Group","RightName":"GenericAll","AceType":"","IsInherited":true},{"PrincipalSID":"MEGABANK.LOCAL-S-1-5-32-544","PrincipalType":"Group","RightName":"WriteDacl","AceType":"","IsInherited":true},{"PrincipalSID":"MEGABANK.LOCAL-S-1-5-32-544","PrincipalType":"Group","RightName":"WriteOwner","AceType":"","IsInherited":true},{"PrincipalSID":"MEGABANK.LOCAL-S-1-5-32-544","PrincipalType":"Group","RightName":"ExtendedRight","AceType":"All","IsInherited":true},{"PrincipalSID":"MEGABANK.LOCAL-S-1-5-32-544","PrincipalType":"Group","RightName":"GenericWrite","AceType":"","IsInherited":true}]},{"Properties":{"highvalue":false,"name":"CLAUDE@MEGABANK.LOCAL","domain":"MEGABANK.LOCAL","objectid":"S-1-5-21-1392959593-3013219662-3596683436-6617","distinguishedname":"CN=Claude Segal,CN=Users,DC=megabank,DC=local","description":null,"dontreqpreauth":false,"passwordnotreqd":false,"unconstraineddelegation":false,"sensitive":false,"enabled":true,"pwdneverexpires":false,"lastlogon":"Never","lastlogontimestamp":"Never","pwdlastset":"TMSTMP-1575409196","serviceprincipalnames":[],"hasspn":false,"displayname":null,"email":null,"title":null,"homedirectory":null,"userpassword":null,"admincount":false,"sidhistory":[]},"AllowedToDelegate":[],"SPNTargets":[],"PrimaryGroupSid":"S-1-5-21-1392959593-3013219662-3596683436-513","HasSIDHistory":[],"ObjectIdentifier":"S-1-5-21-1392959593-3013219662-3596683436-6617","Aces":[{"PrincipalSID":"S-1-5-21-1392959593-3013219662-3596683436-512","PrincipalType":"Group","RightName":"Owner","AceType":"","IsInherited":false},{"PrincipalSID":"MEGABANK.LOCAL-S-1-5-32-548","PrincipalType":"Group","RightName":"GenericAll","AceType":"","IsInherited":false},{"PrincipalSID":"S-1-5-21-1392959593-3013219662-3596683436-512","PrincipalType":"Group","RightName":"GenericAll","AceType":"","IsInherited":false},{"PrincipalSID":"S-1-5-21-1392959593-3013219662-3596683436-519","PrincipalType":"Group","RightName":"GenericAll","AceType":"","IsInherited":true},{"PrincipalSID":"MEGABANK.LOCAL-S-1-5-32-544","PrincipalType":"Group","RightName":"WriteDacl","AceType":"","IsInherited":true},{"PrincipalSID":"MEGABANK.LOCAL-S-1-5-32-544","PrincipalType":"Group","RightName":"WriteOwner","AceType":"","IsInherited":true},{"PrincipalSID":"MEGABANK.LOCAL-S-1-5-32-544","PrincipalType":"Group","RightName":"ExtendedRight","AceType":"All","IsInherited":true},{"PrincipalSID":"MEGABANK.LOCAL-S-1-5-32-544","PrincipalType":"Group","RightName":"GenericWrite","AceType":"","IsInherited":true}]},{"Properties":{"highvalue":false,"name":"MELANIE@MEGABANK.LOCAL","domain":"MEGABANK.LOCAL","objectid":"S-1-5-21-1392959593-3013219662-3596683436-10101","distinguishedname":"CN=Melanie Purkis,CN=Users,DC=megabank,DC=local","description":null,"dontreqpreauth":false,"passwordnotreqd":false,"unconstraineddelegation":false,"sensitive":false,"enabled":true,"pwdneverexpires":false,"lastlogon":"Never","lastlogontimestamp":"TMSTMP-1587292591","pwdlastset":"TMSTMP-1587293648","serviceprincipalnames":[],"hasspn":false,"displayname":null,"email":null,"title":null,"homedirectory":null,"userpassword":null,"admincount":false,"sidhistory":[]},"AllowedToDelegate":[],"SPNTargets":[],"PrimaryGroupSid":"S-1-5-21-1392959593-3013219662-3596683436-513","HasSIDHistory":[],"ObjectIdentifier":"S-1-5-21-1392959593-3013219662-3596683436-10101","Aces":[{"PrincipalSID":"S-1-5-21-1392959593-3013219662-3596683436-512","PrincipalType":"Group","RightName":"Owner","AceType":"","IsInherited":false},{"PrincipalSID":"MEGABANK.LOCAL-S-1-5-32-548","PrincipalType":"Group","RightName":"GenericAll","AceType":"","IsInherited":false},{"PrincipalSID":"S-1-5-21-1392959593-3013219662-3596683436-512","PrincipalType":"Group","RightName":"GenericAll","AceType":"","IsInherited":false},{"PrincipalSID":"S-1-5-21-1392959593-3013219662-3596683436-519","PrincipalType":"Group","RightName":"GenericAll","AceType":"","IsInherited":true},{"PrincipalSID":"MEGABANK.LOCAL-S-1-5-32-544","PrincipalType":"Group","RightName":"WriteDacl","AceType":"","IsInherited":true},{"PrincipalSID":"MEGABANK.LOCAL-S-1-5-32-544","PrincipalType":"Group","RightName":"WriteOwner","AceType":"","IsInherited":true},{"PrincipalSID":"MEGABANK.LOCAL-S-1-5-32-544","PrincipalType":"Group","RightName":"ExtendedRight","AceType":"All","IsInherited":true},{"PrincipalSID":"MEGABANK.LOCAL-S-1-5-32-544","PrincipalType":"Group","RightName":"GenericWrite","AceType":"","IsInherited":true}]},{"Properties":{"highvalue":false,"name":"ZACH@MEGABANK.LOCAL","domain":"MEGABANK.LOCAL","objectid":"S-1-5-21-1392959593-3013219662-3596683436-10102","distinguishedname":"CN=Zach Armstrong,CN=Users,DC=megabank,DC=local","description":null,"dontreqpreauth":false,"passwordnotreqd":false,"unconstraineddelegation":false,"sensitive":false,"enabled":true,"pwdneverexpires":false,"lastlogon":"Never","lastlogontimestamp":"Never","pwdlastset":"TMSTMP-1575455967","serviceprincipalnames":[],"hasspn":false,"displayname":null,"email":null,"title":null,"homedirectory":null,"userpassword":null,"admincount":false,"sidhistory":[]},"AllowedToDelegate":[],"SPNTargets":[],"PrimaryGroupSid":"S-1-5-21-1392959593-3013219662-3596683436-513","HasSIDHistory":[],"ObjectIdentifier":"S-1-5-21-1392959593-3013219662-3596683436-10102","Aces":[{"PrincipalSID":"S-1-5-21-1392959593-3013219662-3596683436-512","PrincipalType":"Group","RightName":"Owner","AceType":"","IsInherited":false},{"PrincipalSID":"MEGABANK.LOCAL-S-1-5-32-548","PrincipalType":"Group","RightName":"GenericAll","AceType":"","IsInherited":false},{"PrincipalSID":"S-1-5-21-1392959593-3013219662-3596683436-512","PrincipalType":"Group","RightName":"GenericAll","AceType":"","IsInherited":false},{"PrincipalSID":"S-1-5-21-1392959593-3013219662-3596683436-519","PrincipalType":"Group","RightName":"GenericAll","AceType":"","IsInherited":true},{"PrincipalSID":"MEGABANK.LOCAL-S-1-5-32-544","PrincipalType":"Group","RightName":"WriteDacl","AceType":"","IsInherited":true},{"PrincipalSID":"MEGABANK.LOCAL-S-1-5-32-544","PrincipalType":"Group","RightName":"WriteOwner","AceType":"","IsInherited":true},{"PrincipalSID":"MEGABANK.LOCAL-S-1-5-32-544","PrincipalType":"Group","RightName":"ExtendedRight","AceType":"All","IsInherited":true},{"PrincipalSID":"MEGABANK.LOCAL-S-1-5-32-544","PrincipalType":"Group","RightName":"GenericWrite","AceType":"","IsInherited":true}]},{"Properties":{"highvalue":false,"name":"SIMON@MEGABANK.LOCAL","domain":"MEGABANK.LOCAL","objectid":"S-1-5-21-1392959593-3013219662-3596683436-10103","distinguishedname":"CN=Simon Faraday,CN=Users,DC=megabank,DC=local","description":null,"dontreqpreauth":false,"passwordnotreqd":false,"unconstraineddelegation":false,"sensitive":false,"enabled":true,"pwdneverexpires":false,"lastlogon":"Never","lastlogontimestamp":"Never","pwdlastset":"TMSTMP-1575455998","serviceprincipalnames":[],"hasspn":false,"displayname":null,"email":null,"title":null,"homedirectory":null,"userpassword":null,"admincount":false,"sidhistory":[]},"AllowedToDelegate":[],"SPNTargets":[],"PrimaryGroupSid":"S-1-5-21-1392959593-3013219662-3596683436-513","HasSIDHistory":[],"ObjectIdentifier":"S-1-5-21-1392959593-3013219662-3596683436-10103","Aces":[{"PrincipalSID":"S-1-5-21-1392959593-3013219662-3596683436-512","PrincipalType":"Group","RightName":"Owner","AceType":"","IsInherited":false},{"PrincipalSID":"MEGABANK.LOCAL-S-1-5-32-548","PrincipalType":"Group","RightName":"GenericAll","AceType":"","IsInherited":false},{"PrincipalSID":"S-1-5-21-1392959593-3013219662-3596683436-512","PrincipalType":"Group","RightName":"GenericAll","AceType":"","IsInherited":false},{"PrincipalSID":"S-1-5-21-1392959593-3013219662-3596683436-519","PrincipalType":"Group","RightName":"GenericAll","AceType":"","IsInherited":true},{"PrincipalSID":"MEGABANK.LOCAL-S-1-5-32-544","PrincipalType":"Group","RightName":"WriteDacl","AceType":"","IsInherited":true},{"PrincipalSID":"MEGABANK.LOCAL-S-1-5-32-544","PrincipalType":"Group","RightName":"WriteOwner","AceType":"","IsInherited":true},{"PrincipalSID":"MEGABANK.LOCAL-S-1-5-32-544","PrincipalType":"Group","RightName":"ExtendedRight","AceType":"All","IsInherited":true},{"PrincipalSID":"MEGABANK.LOCAL-S-1-5-32-544","PrincipalType":"Group","RightName":"GenericWrite","AceType":"","IsInherited":true}]},{"Properties":{"highvalue":false,"name":"NAOKI@MEGABANK.LOCAL","domain":"MEGABANK.LOCAL","objectid":"S-1-5-21-1392959593-3013219662-3596683436-10104","distinguishedname":"CN=Naoki Yamamoto,CN=Users,DC=megabank,DC=local","description":null,"dontreqpreauth":false,"passwordnotreqd":false,"unconstraineddelegation":false,"sensitive":false,"enabled":true,"pwdneverexpires":false,"lastlogon":"Never","lastlogontimestamp":"Never","pwdlastset":"TMSTMP-1575456044","serviceprincipalnames":[],"hasspn":false,"displayname":null,"email":null,"title":null,"homedirectory":null,"userpassword":null,"admincount":false,"sidhistory":[]},"AllowedToDelegate":[],"SPNTargets":[],"PrimaryGroupSid":"S-1-5-21-1392959593-3013219662-3596683436-513","HasSIDHistory":[],"ObjectIdentifier":"S-1-5-21-1392959593-3013219662-3596683436-10104","Aces":[{"PrincipalSID":"S-1-5-21-1392959593-3013219662-3596683436-512","PrincipalType":"Group","RightName":"Owner","AceType":"","IsInherited":false},{"PrincipalSID":"MEGABANK.LOCAL-S-1-5-32-548","PrincipalType":"Group","RightName":"GenericAll","AceType":"","IsInherited":false},{"PrincipalSID":"S-1-5-21-1392959593-3013219662-3596683436-512","PrincipalType":"Group","RightName":"GenericAll","AceType":"","IsInherited":false},{"PrincipalSID":"S-1-5-21-1392959593-3013219662-3596683436-519","PrincipalType":"Group","RightName":"GenericAll","AceType":"","IsInherited":true},{"PrincipalSID":"MEGABANK.LOCAL-S-1-5-32-544","PrincipalType":"Group","RightName":"WriteDacl","AceType":"","IsInherited":true},{"PrincipalSID":"MEGABANK.LOCAL-S-1-5-32-544","PrincipalType":"Group","RightName":"WriteOwner","AceType":"","IsInherited":true},{"PrincipalSID":"MEGABANK.LOCAL-S-1-5-32-544","PrincipalType":"Group","RightName":"ExtendedRight","AceType":"All","IsInherited":true},{"PrincipalSID":"MEGABANK.LOCAL-S-1-5-32-544","PrincipalType":"Group","RightName":"GenericWrite","AceType":"","IsInherited":true}]},{"Properties":{"highvalue":false,"name":"GUEST@MEGABANK.LOCAL","domain":"MEGABANK.LOCAL","objectid":"S-1-5-21-1392959593-3013219662-3596683436-501","distinguishedname":"CN=Guest,CN=Users,DC=megabank,DC=local","description":"Built-in account for guest access to the computer/domain","dontreqpreauth":false,"passwordnotreqd":true,"unconstraineddelegation":false,"sensitive":false,"enabled":false,"pwdneverexpires":true,"lastlogon":"Never","lastlogontimestamp":"Never","pwdlastset":"Never","serviceprincipalnames":[],"hasspn":false,"displayname":null,"email":null,"title":null,"homedirectory":null,"userpassword":null,"admincount":false,"sidhistory":[]},"AllowedToDelegate":[],"SPNTargets":[],"PrimaryGroupSid":"S-1-5-21-1392959593-3013219662-3596683436-514","HasSIDHistory":[],"ObjectIdentifier":"S-1-5-21-1392959593-3013219662-3596683436-501","Aces":[{"PrincipalSID":"MEGABANK.LOCAL-S-1-5-32-544","PrincipalType":"Group","RightName":"Owner","AceType":"","IsInherited":false},{"PrincipalSID":"MEGABANK.LOCAL-S-1-5-32-548","PrincipalType":"Group","RightName":"GenericAll","AceType":"","IsInherited":false},{"PrincipalSID":"S-1-5-21-1392959593-3013219662-3596683436-512","PrincipalType":"Group","RightName":"GenericAll","AceType":"","IsInherited":false},{"PrincipalSID":"S-1-5-21-1392959593-3013219662-3596683436-519","PrincipalType":"Group","RightName":"GenericAll","AceType":"","IsInherited":true},{"PrincipalSID":"MEGABANK.LOCAL-S-1-5-32-544","PrincipalType":"Group","RightName":"WriteDacl","AceType":"","IsInherited":true},{"PrincipalSID":"MEGABANK.LOCAL-S-1-5-32-544","PrincipalType":"Group","RightName":"WriteOwner","AceType":"","IsInherited":true},{"PrincipalSID":"MEGABANK.LOCAL-S-1-5-32-544","PrincipalType":"Group","RightName":"ExtendedRight","AceType":"All","IsInherited":true},{"PrincipalSID":"MEGABANK.LOCAL-S-1-5-32-544","PrincipalType":"Group","RightName":"GenericWrite","AceType":"","IsInherited":true}]},{"Properties":{"highvalue":false,"name":"DEFAULTACCOUNT@MEGABANK.LOCAL","domain":"MEGABANK.LOCAL","objectid":"S-1-5-21-1392959593-3013219662-3596683436-503","distinguishedname":"CN=DefaultAccount,CN=Users,DC=megabank,DC=local","description":"A user account managed by the system.","dontreqpreauth":false,"passwordnotreqd":true,"unconstraineddelegation":false,"sensitive":false,"enabled":false,"pwdneverexpires":true,"lastlogon":"Never","lastlogontimestamp":"Never","pwdlastset":"Never","serviceprincipalnames":[],"hasspn":false,"displayname":null,"email":null,"title":null,"homedirectory":null,"userpassword":null,"admincount":false,"sidhistory":[]},"AllowedToDelegate":[],"SPNTargets":[],"PrimaryGroupSid":"S-1-5-21-1392959593-3013219662-3596683436-513","HasSIDHistory":[],"ObjectIdentifier":"S-1-5-21-1392959593-3013219662-3596683436-503","Aces":[{"PrincipalSID":"MEGABANK.LOCAL-S-1-5-32-544","PrincipalType":"Group","RightName":"Owner","AceType":"","IsInherited":false},{"PrincipalSID":"MEGABANK.LOCAL-S-1-5-32-548","PrincipalType":"Group","RightName":"GenericAll","AceType":"","IsInherited":false},{"PrincipalSID":"S-1-5-21-1392959593-3013219662-3596683436-512","PrincipalType":"Group","RightName":"GenericAll","AceType":"","IsInherited":false},{"PrincipalSID":"S-1-5-21-1392959593-3013219662-3596683436-519","PrincipalType":"Group","RightName":"GenericAll","AceType":"","IsInherited":true},{"PrincipalSID":"MEGABANK.LOCAL-S-1-5-32-544","PrincipalType":"Group","RightName":"WriteDacl","AceType":"","IsInherited":true},{"PrincipalSID":"MEGABANK.LOCAL-S-1-5-32-544","PrincipalType":"Group","RightName":"WriteOwner","AceType":"","IsInherited":true},{"PrincipalSID":"MEGABANK.LOCAL-S-1-5-32-544","PrincipalType":"Group","RightName":"ExtendedRight","AceType":"All","IsInherited":true},{"PrincipalSID":"MEGABANK.LOCAL-S-1-5-32-544","PrincipalType":"Group","RightName":"GenericWrite","AceType":"","IsInherited":true}]},{"Properties":{"highvalue":false,"name":"KRBTGT@MEGABANK.LOCAL","domain":"MEGABANK.LOCAL","objectid":"S-1-5-21-1392959593-3013219662-3596683436-502","distinguishedname":"CN=krbtgt,CN=Users,DC=megabank,DC=local","description":"Key Distribution Center Service Account","dontreqpreauth":false,"passwordnotreqd":false,"unconstraineddelegation":false,"sensitive":false,"enabled":false,"pwdneverexpires":false,"lastlogon":"Never","lastlogontimestamp":"Never","pwdlastset":"TMSTMP-1569418152","serviceprincipalnames":["kadmin/changepw"],"hasspn":true,"displayname":null,"email":null,"title":null,"homedirectory":null,"userpassword":null,"admincount":true,"sidhistory":[]},"AllowedToDelegate":[],"SPNTargets":[],"PrimaryGroupSid":"S-1-5-21-1392959593-3013219662-3596683436-513","HasSIDHistory":[],"ObjectIdentifier":"S-1-5-21-1392959593-3013219662-3596683436-502","Aces":[{"PrincipalSID":"S-1-5-21-1392959593-3013219662-3596683436-512","PrincipalType":"Group","RightName":"Owner","AceType":"","IsInherited":false},{"PrincipalSID":"MEGABANK.LOCAL-S-1-5-32-544","PrincipalType":"Group","RightName":"WriteDacl","AceType":"","IsInherited":false},{"PrincipalSID":"MEGABANK.LOCAL-S-1-5-32-544","PrincipalType":"Group","RightName":"WriteOwner","AceType":"","IsInherited":false},{"PrincipalSID":"MEGABANK.LOCAL-S-1-5-32-544","PrincipalType":"Group","RightName":"ExtendedRight","AceType":"All","IsInherited":false},{"PrincipalSID":"MEGABANK.LOCAL-S-1-5-32-544","PrincipalType":"Group","RightName":"GenericWrite","AceType":"","IsInherited":false},{"PrincipalSID":"S-1-5-21-1392959593-3013219662-3596683436-512","PrincipalType":"Group","RightName":"WriteDacl","AceType":"","IsInherited":false},{"PrincipalSID":"S-1-5-21-1392959593-3013219662-3596683436-512","PrincipalType":"Group","RightName":"WriteOwner","AceType":"","IsInherited":false},{"PrincipalSID":"S-1-5-21-1392959593-3013219662-3596683436-512","PrincipalType":"Group","RightName":"ExtendedRight","AceType":"All","IsInherited":false},{"PrincipalSID":"S-1-5-21-1392959593-3013219662-3596683436-512","PrincipalType":"Group","RightName":"GenericWrite","AceType":"","IsInherited":false},{"PrincipalSID":"S-1-5-21-1392959593-3013219662-3596683436-519","PrincipalType":"Group","RightName":"WriteDacl","AceType":"","IsInherited":false},{"PrincipalSID":"S-1-5-21-1392959593-3013219662-3596683436-519","PrincipalType":"Group","RightName":"WriteOwner","AceType":"","IsInherited":false},{"PrincipalSID":"S-1-5-21-1392959593-3013219662-3596683436-519","PrincipalType":"Group","RightName":"ExtendedRight","AceType":"All","IsInherited":false},{"PrincipalSID":"S-1-5-21-1392959593-3013219662-3596683436-519","PrincipalType":"Group","RightName":"GenericWrite","AceType":"","IsInherited":false}]},{"Properties":{"highvalue":false,"name":"ABIGAIL@MEGABANK.LOCAL","domain":"MEGABANK.LOCAL","objectid":"S-1-5-21-1392959593-3013219662-3596683436-6602","distinguishedname":"CN=Abigail Jeffers,CN=Users,DC=megabank,DC=local","description":null,"dontreqpreauth":false,"passwordnotreqd":false,"unconstraineddelegation":false,"sensitive":false,"enabled":true,"pwdneverexpires":false,"lastlogon":"Never","lastlogontimestamp":"Never","pwdlastset":"TMSTMP-1575408450","serviceprincipalnames":[],"hasspn":false,"displayname":null,"email":null,"title":null,"homedirectory":null,"userpassword":null,"admincount":false,"sidhistory":[]},"AllowedToDelegate":[],"SPNTargets":[],"PrimaryGroupSid":"S-1-5-21-1392959593-3013219662-3596683436-513","HasSIDHistory":[],"ObjectIdentifier":"S-1-5-21-1392959593-3013219662-3596683436-6602","Aces":[{"PrincipalSID":"S-1-5-21-1392959593-3013219662-3596683436-512","PrincipalType":"Group","RightName":"Owner","AceType":"","IsInherited":false},{"PrincipalSID":"MEGABANK.LOCAL-S-1-5-32-548","PrincipalType":"Group","RightName":"GenericAll","AceType":"","IsInherited":false},{"PrincipalSID":"S-1-5-21-1392959593-3013219662-3596683436-512","PrincipalType":"Group","RightName":"GenericAll","AceType":"","IsInherited":false},{"PrincipalSID":"S-1-5-21-1392959593-3013219662-3596683436-519","PrincipalType":"Group","RightName":"GenericAll","AceType":"","IsInherited":true},{"PrincipalSID":"MEGABANK.LOCAL-S-1-5-32-544","PrincipalType":"Group","RightName":"WriteDacl","AceType":"","IsInherited":true},{"PrincipalSID":"MEGABANK.LOCAL-S-1-5-32-544","PrincipalType":"Group","RightName":"WriteOwner","AceType":"","IsInherited":true},{"PrincipalSID":"MEGABANK.LOCAL-S-1-5-32-544","PrincipalType":"Group","RightName":"ExtendedRight","AceType":"All","IsInherited":true},{"PrincipalSID":"MEGABANK.LOCAL-S-1-5-32-544","PrincipalType":"Group","RightName":"GenericWrite","AceType":"","IsInherited":true}]},{"Properties":{"highvalue":false,"name":"PER@MEGABANK.LOCAL","domain":"MEGABANK.LOCAL","objectid":"S-1-5-21-1392959593-3013219662-3596683436-6616","distinguishedname":"CN=Per Olsson,CN=Users,DC=megabank,DC=local","description":null,"dontreqpreauth":false,"passwordnotreqd":false,"unconstraineddelegation":false,"sensitive":false,"enabled":true,"pwdneverexpires":false,"lastlogon":"Never","lastlogontimestamp":"Never","pwdlastset":"TMSTMP-1575409092","serviceprincipalnames":[],"hasspn":false,"displayname":null,"email":null,"title":null,"homedirectory":null,"userpassword":null,"admincount":false,"sidhistory":[]},"AllowedToDelegate":[],"SPNTargets":[],"PrimaryGroupSid":"S-1-5-21-1392959593-3013219662-3596683436-513","HasSIDHistory":[],"ObjectIdentifier":"S-1-5-21-1392959593-3013219662-3596683436-6616","Aces":[{"PrincipalSID":"S-1-5-21-1392959593-3013219662-3596683436-512","PrincipalType":"Group","RightName":"Owner","AceType":"","IsInherited":false},{"PrincipalSID":"MEGABANK.LOCAL-S-1-5-32-548","PrincipalType":"Group","RightName":"GenericAll","AceType":"","IsInherited":false},{"PrincipalSID":"S-1-5-21-1392959593-3013219662-3596683436-512","PrincipalType":"Group","RightName":"GenericAll","AceType":"","IsInherited":false},{"PrincipalSID":"S-1-5-21-1392959593-3013219662-3596683436-519","PrincipalType":"Group","RightName":"GenericAll","AceType":"","IsInherited":true},{"PrincipalSID":"MEGABANK.LOCAL-S-1-5-32-544","PrincipalType":"Group","RightName":"WriteDacl","AceType":"","IsInherited":true},{"PrincipalSID":"MEGABANK.LOCAL-S-1-5-32-544","PrincipalType":"Group","RightName":"WriteOwner","AceType":"","IsInherited":true},{"PrincipalSID":"MEGABANK.LOCAL-S-1-5-32-544","PrincipalType":"Group","RightName":"ExtendedRight","AceType":"All","IsInherited":true},{"PrincipalSID":"MEGABANK.LOCAL-S-1-5-32-544","PrincipalType":"Group","RightName":"GenericWrite","AceType":"","IsInherited":true}]}],"meta":{"count":27,"type":"users","version":3}}