﻿{"gpos":[{"Properties":{"highvalue":false,"name":"DEFAULT DOMAIN POLICY@MEGABANK.LOCAL","domain":"MEGABANK.LOCAL","objectid":"CF88BD53-DAA0-43D5-9211-2676D5F6C1C1","distinguishedname":"CN={31B2F340-016D-11D2-945F-00C04FB984F9},CN=Policies,CN=System,DC=megabank,DC=local","description":null,"gpcpath":"\\\\megabank.local\\sysvol\\megabank.local\\Policies\\{31B2F340-016D-11D2-945F-00C04FB984F9}"},"ObjectIdentifier":"CF88BD53-DAA0-43D5-9211-2676D5F6C1C1","Aces":[{"PrincipalSID":"S-1-5-21-1392959593-3013219662-3596683436-512","PrincipalType":"Group","RightName":"Owner","AceType":"","IsInherited":false},{"PrincipalSID":"S-1-5-21-1392959593-3013219662-3596683436-512","PrincipalType":"Group","RightName":"WriteDacl","AceType":"","IsInherited":false},{"PrincipalSID":"S-1-5-21-1392959593-3013219662-3596683436-512","PrincipalType":"Group","RightName":"WriteOwner","AceType":"","IsInherited":false},{"PrincipalSID":"S-1-5-21-1392959593-3013219662-3596683436-512","PrincipalType":"Group","RightName":"GenericWrite","AceType":"","IsInherited":false},{"PrincipalSID":"S-1-5-21-1392959593-3013219662-3596683436-512","PrincipalType":"Group","RightName":"WriteDacl","AceType":"","IsInherited":false},{"PrincipalSID":"S-1-5-21-1392959593-3013219662-3596683436-512","PrincipalType":"Group","RightName":"WriteOwner","AceType":"","IsInherited":false},{"PrincipalSID":"S-1-5-21-1392959593-3013219662-3596683436-512","PrincipalType":"Group","RightName":"GenericWrite","AceType":"","IsInherited":false},{"PrincipalSID":"S-1-5-21-1392959593-3013219662-3596683436-519","PrincipalType":"Group","RightName":"WriteDacl","AceType":"","IsInherited":false},{"PrincipalSID":"S-1-5-21-1392959593-3013219662-3596683436-519","PrincipalType":"Group","RightName":"WriteOwner","AceType":"","IsInherited":false},{"PrincipalSID":"S-1-5-21-1392959593-3013219662-3596683436-519","PrincipalType":"Group","RightName":"GenericWrite","AceType":"","IsInherited":false}]},{"Properties":{"highvalue":false,"name":"DEFAULT DOMAIN CONTROLLERS POLICY@MEGABANK.LOCAL","domain":"MEGABANK.LOCAL","objectid":"42E7D12B-B3E0-41C8-BEA7-F1BE7295B890","distinguishedname":"CN={6AC1786C-016F-11D2-945F-00C04fB984F9},CN=Policies,CN=System,DC=megabank,DC=local","description":null,"gpcpath":"\\\\megabank.local\\sysvol\\megabank.local\\Policies\\{6AC1786C-016F-11D2-945F-00C04fB984F9}"},"ObjectIdentifier":"42E7D12B-B3E0-41C8-BEA7-F1BE7295B890","Aces":[{"PrincipalSID":"S-1-5-21-1392959593-3013219662-3596683436-512","PrincipalType":"Group","RightName":"Owner","AceType":"","IsInherited":false},{"PrincipalSID":"S-1-5-21-1392959593-3013219662-3596683436-512","PrincipalType":"Group","RightName":"WriteDacl","AceType":"","IsInherited":false},{"PrincipalSID":"S-1-5-21-1392959593-3013219662-3596683436-512","PrincipalType":"Group","RightName":"WriteOwner","AceType":"","IsInherited":false},{"PrincipalSID":"S-1-5-21-1392959593-3013219662-3596683436-512","PrincipalType":"Group","RightName":"GenericWrite","AceType":"","IsInherited":false},{"PrincipalSID":"S-1-5-21-1392959593-3013219662-3596683436-512","PrincipalType":"Group","RightName":"WriteDacl","AceType":"","IsInherited":false},{"PrincipalSID":"S-1-5-21-1392959593-3013219662-3596683436-512","PrincipalType":"Group","RightName":"WriteOwner","AceType":"","IsInherited":false},{"PrincipalSID":"S-1-5-21-1392959593-3013219662-3596683436-512","PrincipalType":"Group","RightName":"GenericWrite","AceType":"","IsInherited":false},{"PrincipalSID":"S-1-5-21-1392959593-3013219662-3596683436-519","PrincipalType":"Group","RightName":"WriteDacl","AceType":"","IsInherited":false},{"PrincipalSID":"S-1-5-21-1392959593-3013219662-3596683436-519","PrincipalType":"Group","RightName":"WriteOwner","AceType":"","IsInherited":false},{"PrincipalSID":"S-1-5-21-1392959593-3013219662-3596683436-519","PrincipalType":"Group","RightName":"GenericWrite","AceType":"","IsInherited":false}]}],"meta":{"count":2,"type":"gpos","version":3}}