﻿{"ous":[{"Properties":{"highvalue":false,"name":"DOMAIN CONTROLLERS@MEGABANK.LOCAL","domain":"MEGABANK.LOCAL","objectid":"12316BD2-FE27-413A-90D0-471B6F5E7497","distinguishedname":"OU=Domain Controllers,DC=megabank,DC=local","description":"Default container for domain controllers","blocksinheritance":false},"Links":[{"IsEnforced":false,"Guid":"42E7D12B-B3E0-41C8-BEA7-F1BE7295B890"}],"ACLProtected":false,"Users":[],"Computers":["S-1-5-21-1392959593-3013219662-3596683436-1000"],"ChildOus":[],"RemoteDesktopUsers":[],"LocalAdmins":[],"DcomUsers":[],"PSRemoteUsers":[],"ObjectIdentifier":"12316BD2-FE27-413A-90D0-471B6F5E7497","Aces":[{"PrincipalSID":"S-1-5-21-1392959593-3013219662-3596683436-512","PrincipalType":"Group","RightName":"Owner","AceType":"","IsInherited":false},{"PrincipalSID":"S-1-5-21-1392959593-3013219662-3596683436-512","PrincipalType":"Group","RightName":"WriteDacl","AceType":"","IsInherited":false},{"PrincipalSID":"S-1-5-21-1392959593-3013219662-3596683436-512","PrincipalType":"Group","RightName":"WriteOwner","AceType":"","IsInherited":false},{"PrincipalSID":"S-1-5-21-1392959593-3013219662-3596683436-519","PrincipalType":"Group","RightName":"GenericAll","AceType":"","IsInherited":true},{"PrincipalSID":"MEGABANK.LOCAL-S-1-5-32-544","PrincipalType":"Group","RightName":"WriteDacl","AceType":"","IsInherited":true},{"PrincipalSID":"MEGABANK.LOCAL-S-1-5-32-544","PrincipalType":"Group","RightName":"WriteOwner","AceType":"","IsInherited":true}]},{"Properties":{"highvalue":false,"name":"SERVICE-ACCOUNTS@MEGABANK.LOCAL","domain":"MEGABANK.LOCAL","objectid":"ECF00E84-2A00-4C4B-84B6-AA1CD07703C5","distinguishedname":"OU=Service-Accounts,DC=megabank,DC=local","description":null,"blocksinheritance":false},"Links":[],"ACLProtected":false,"Users":[],"Computers":[],"ChildOus":[],"RemoteDesktopUsers":[],"LocalAdmins":[],"DcomUsers":[],"PSRemoteUsers":[],"ObjectIdentifier":"ECF00E84-2A00-4C4B-84B6-AA1CD07703C5","Aces":[{"PrincipalSID":"S-1-5-21-1392959593-3013219662-3596683436-512","PrincipalType":"Group","RightName":"Owner","AceType":"","IsInherited":false},{"PrincipalSID":"S-1-5-21-1392959593-3013219662-3596683436-512","PrincipalType":"Group","RightName":"GenericAll","AceType":"","IsInherited":false},{"PrincipalSID":"S-1-5-21-1392959593-3013219662-3596683436-519","PrincipalType":"Group","RightName":"GenericAll","AceType":"","IsInherited":true},{"PrincipalSID":"MEGABANK.LOCAL-S-1-5-32-544","PrincipalType":"Group","RightName":"WriteDacl","AceType":"","IsInherited":true},{"PrincipalSID":"MEGABANK.LOCAL-S-1-5-32-544","PrincipalType":"Group","RightName":"WriteOwner","AceType":"","IsInherited":true}]},{"Properties":{"highvalue":false,"name":"MEGABANK USERS@MEGABANK.LOCAL","domain":"MEGABANK.LOCAL","objectid":"900D96D6-1128-4946-BD9E-C5F29BA4235B","distinguishedname":"OU=MegaBank Users,DC=megabank,DC=local","description":null,"blocksinheritance":false},"Links":[],"ACLProtected":false,"Users":[],"Computers":[],"ChildOus":["A08197AF-7F38-4FAD-AAF9-DCEFC7FD2CD9","C284FDDA-3EA0-49D5-A1C4-1CD9D39779B7"],"RemoteDesktopUsers":[],"LocalAdmins":[],"DcomUsers":[],"PSRemoteUsers":[],"ObjectIdentifier":"900D96D6-1128-4946-BD9E-C5F29BA4235B","Aces":[{"PrincipalSID":"S-1-5-21-1392959593-3013219662-3596683436-512","PrincipalType":"Group","RightName":"Owner","AceType":"","IsInherited":false},{"PrincipalSID":"S-1-5-21-1392959593-3013219662-3596683436-512","PrincipalType":"Group","RightName":"GenericAll","AceType":"","IsInherited":false},{"PrincipalSID":"S-1-5-21-1392959593-3013219662-3596683436-519","PrincipalType":"Group","RightName":"GenericAll","AceType":"","IsInherited":true},{"PrincipalSID":"MEGABANK.LOCAL-S-1-5-32-544","PrincipalType":"Group","RightName":"WriteDacl","AceType":"","IsInherited":true},{"PrincipalSID":"MEGABANK.LOCAL-S-1-5-32-544","PrincipalType":"Group","RightName":"WriteOwner","AceType":"","IsInherited":true}]},{"Properties":{"highvalue":false,"name":"GROUPS@MEGABANK.LOCAL","domain":"MEGABANK.LOCAL","objectid":"29D77B98-A3B4-4B62-AEBC-DA1B5C491DFE","distinguishedname":"OU=Groups,DC=megabank,DC=local","description":null,"blocksinheritance":false},"Links":[],"ACLProtected":false,"Users":[],"Computers":[],"ChildOus":[],"RemoteDesktopUsers":[],"LocalAdmins":[],"DcomUsers":[],"PSRemoteUsers":[],"ObjectIdentifier":"29D77B98-A3B4-4B62-AEBC-DA1B5C491DFE","Aces":[{"PrincipalSID":"S-1-5-21-1392959593-3013219662-3596683436-512","PrincipalType":"Group","RightName":"Owner","AceType":"","IsInherited":false},{"PrincipalSID":"S-1-5-21-1392959593-3013219662-3596683436-512","PrincipalType":"Group","RightName":"GenericAll","AceType":"","IsInherited":false},{"PrincipalSID":"S-1-5-21-1392959593-3013219662-3596683436-519","PrincipalType":"Group","RightName":"GenericAll","AceType":"","IsInherited":true},{"PrincipalSID":"MEGABANK.LOCAL-S-1-5-32-544","PrincipalType":"Group","RightName":"WriteDacl","AceType":"","IsInherited":true},{"PrincipalSID":"MEGABANK.LOCAL-S-1-5-32-544","PrincipalType":"Group","RightName":"WriteOwner","AceType":"","IsInherited":true}]},{"Properties":{"highvalue":false,"name":"EMPLOYEES@MEGABANK.LOCAL","domain":"MEGABANK.LOCAL","objectid":"C284FDDA-3EA0-49D5-A1C4-1CD9D39779B7","distinguishedname":"OU=Employees,OU=MegaBank Users,DC=megabank,DC=local","description":null,"blocksinheritance":false},"Links":[],"ACLProtected":false,"Users":["S-1-5-21-1392959593-3013219662-3596683436-1111"],"Computers":[],"ChildOus":[],"RemoteDesktopUsers":[],"LocalAdmins":[],"DcomUsers":[],"PSRemoteUsers":[],"ObjectIdentifier":"C284FDDA-3EA0-49D5-A1C4-1CD9D39779B7","Aces":[{"PrincipalSID":"S-1-5-21-1392959593-3013219662-3596683436-512","PrincipalType":"Group","RightName":"Owner","AceType":"","IsInherited":false},{"PrincipalSID":"S-1-5-21-1392959593-3013219662-3596683436-512","PrincipalType":"Group","RightName":"GenericAll","AceType":"","IsInherited":false},{"PrincipalSID":"S-1-5-21-1392959593-3013219662-3596683436-519","PrincipalType":"Group","RightName":"GenericAll","AceType":"","IsInherited":true},{"PrincipalSID":"MEGABANK.LOCAL-S-1-5-32-544","PrincipalType":"Group","RightName":"WriteDacl","AceType":"","IsInherited":true},{"PrincipalSID":"MEGABANK.LOCAL-S-1-5-32-544","PrincipalType":"Group","RightName":"WriteOwner","AceType":"","IsInherited":true}]},{"Properties":{"highvalue":false,"name":"CONTRACTORS@MEGABANK.LOCAL","domain":"MEGABANK.LOCAL","objectid":"A08197AF-7F38-4FAD-AAF9-DCEFC7FD2CD9","distinguishedname":"OU=Contractors,OU=MegaBank Users,DC=megabank,DC=local","description":null,"blocksinheritance":false},"Links":[],"ACLProtected":false,"Users":["S-1-5-21-1392959593-3013219662-3596683436-1105"],"Computers":[],"ChildOus":[],"RemoteDesktopUsers":[],"LocalAdmins":[],"DcomUsers":[],"PSRemoteUsers":[],"ObjectIdentifier":"A08197AF-7F38-4FAD-AAF9-DCEFC7FD2CD9","Aces":[{"PrincipalSID":"S-1-5-21-1392959593-3013219662-3596683436-512","PrincipalType":"Group","RightName":"Owner","AceType":"","IsInherited":false},{"PrincipalSID":"S-1-5-21-1392959593-3013219662-3596683436-512","PrincipalType":"Group","RightName":"GenericAll","AceType":"","IsInherited":false},{"PrincipalSID":"S-1-5-21-1392959593-3013219662-3596683436-519","PrincipalType":"Group","RightName":"GenericAll","AceType":"","IsInherited":true},{"PrincipalSID":"MEGABANK.LOCAL-S-1-5-32-544","PrincipalType":"Group","RightName":"WriteDacl","AceType":"","IsInherited":true},{"PrincipalSID":"MEGABANK.LOCAL-S-1-5-32-544","PrincipalType":"Group","RightName":"WriteOwner","AceType":"","IsInherited":true}]}],"meta":{"count":6,"type":"ous","version":3}}