﻿{"computers":[{"Properties":{"haslaps":false,"highvalue":false,"name":"MS02.MEGABANK.LOCAL","domain":"MEGABANK.LOCAL","objectid":"S-1-5-21-1392959593-3013219662-3596683436-1104","distinguishedname":"CN=MS02,CN=Computers,DC=megabank,DC=local","description":null,"enabled":true,"unconstraineddelegation":false,"serviceprincipalnames":["RestrictedKrbHost/MS02","HOST/MS02","RestrictedKrbHost/MS02.megabank.local","HOST/MS02.megabank.local"],"lastlogontimestamp":"TMSTMP-1569580508","pwdlastset":"TMSTMP-1569580435","operatingsystem":"Windows Server 2016 Standard"},"AllowedToDelegate":[],"AllowedToAct":[],"PrimaryGroupSid":"S-1-5-21-1392959593-3013219662-3596683436-515","Sessions":[],"LocalAdmins":[],"RemoteDesktopUsers":[],"DcomUsers":[],"PSRemoteUsers":[],"ObjectIdentifier":"S-1-5-21-1392959593-3013219662-3596683436-1104","Aces":[{"PrincipalSID":"S-1-5-21-1392959593-3013219662-3596683436-512","PrincipalType":"Group","RightName":"Owner","AceType":"","IsInherited":false},{"PrincipalSID":"MEGABANK.LOCAL-S-1-5-32-548","PrincipalType":"Group","RightName":"GenericAll","AceType":"","IsInherited":false},{"PrincipalSID":"S-1-5-21-1392959593-3013219662-3596683436-512","PrincipalType":"Group","RightName":"GenericAll","AceType":"","IsInherited":false},{"PrincipalSID":"S-1-5-21-1392959593-3013219662-3596683436-519","PrincipalType":"Group","RightName":"GenericAll","AceType":"","IsInherited":true},{"PrincipalSID":"MEGABANK.LOCAL-S-1-5-32-544","PrincipalType":"Group","RightName":"WriteDacl","AceType":"","IsInherited":true},{"PrincipalSID":"MEGABANK.LOCAL-S-1-5-32-544","PrincipalType":"Group","RightName":"WriteOwner","AceType":"","IsInherited":true},{"PrincipalSID":"MEGABANK.LOCAL-S-1-5-32-544","PrincipalType":"Group","RightName":"GenericWrite","AceType":"","IsInherited":true}]},{"Properties":{"haslaps":false,"highvalue":false,"name":"RESOLUTE.MEGABANK.LOCAL","domain":"MEGABANK.LOCAL","objectid":"S-1-5-21-1392959593-3013219662-3596683436-1000","distinguishedname":"CN=RESOLUTE,OU=Domain Controllers,DC=megabank,DC=local","description":null,"enabled":true,"unconstraineddelegation":true,"serviceprincipalnames":["Dfsr-12F9A27C-BF97-4787-9364-D31B6C55EB04/Resolute.megabank.local","ldap/Resolute.megabank.local/ForestDnsZones.megabank.local","ldap/Resolute.megabank.local/DomainDnsZones.megabank.local","DNS/Resolute.megabank.local","GC/Resolute.megabank.local/megabank.local","HOST/Resolute.megabank.local/MEGABANK","HOST/Resolute.megabank.local/megabank.local","ldap/Resolute.megabank.local/MEGABANK","ldap/Resolute.megabank.local","ldap/Resolute.megabank.local/megabank.local","RestrictedKrbHost/Resolute.megabank.local","HOST/Resolute.megabank.local","RestrictedKrbHost/RESOLUTE","HOST/RESOLUTE/MEGABANK","HOST/RESOLUTE","ldap/RESOLUTE/MEGABANK","ldap/RESOLUTE","RPC/b9024923-44e7-4b82-83d5-7e0d199af2bc._msdcs.megabank.local","E3514235-4B06-11D1-AB04-00C04FC2DCD2/b9024923-44e7-4b82-83d5-7e0d199af2bc/megabank.local","ldap/b9024923-44e7-4b82-83d5-7e0d199af2bc._msdcs.megabank.local"],"lastlogontimestamp":"TMSTMP-1587292181","pwdlastset":"TMSTMP-1587292169","operatingsystem":"Windows Server 2016 Standard"},"AllowedToDelegate":[],"AllowedToAct":[],"PrimaryGroupSid":"S-1-5-21-1392959593-3013219662-3596683436-516","Sessions":[],"LocalAdmins":[],"RemoteDesktopUsers":[],"DcomUsers":[],"PSRemoteUsers":[],"ObjectIdentifier":"S-1-5-21-1392959593-3013219662-3596683436-1000","Aces":[{"PrincipalSID":"S-1-5-21-1392959593-3013219662-3596683436-512","PrincipalType":"Group","RightName":"Owner","AceType":"","IsInherited":false},{"PrincipalSID":"S-1-5-21-1392959593-3013219662-3596683436-512","PrincipalType":"Group","RightName":"GenericAll","AceType":"","IsInherited":false},{"PrincipalSID":"S-1-5-21-1392959593-3013219662-3596683436-519","PrincipalType":"Group","RightName":"GenericAll","AceType":"","IsInherited":true},{"PrincipalSID":"MEGABANK.LOCAL-S-1-5-32-544","PrincipalType":"Group","RightName":"WriteDacl","AceType":"","IsInherited":true},{"PrincipalSID":"MEGABANK.LOCAL-S-1-5-32-544","PrincipalType":"Group","RightName":"WriteOwner","AceType":"","IsInherited":true},{"PrincipalSID":"MEGABANK.LOCAL-S-1-5-32-544","PrincipalType":"Group","RightName":"GenericWrite","AceType":"","IsInherited":true}]}],"meta":{"count":2,"type":"computers","version":3}}